model,split,rows,positive_rate,roc_auc,pr_auc,precision_at_top_20pct,recall_at_top_20pct
M1_seasonality,validation_2011_2012,4386,0.12289101687186503,0.5974206824776842,0.16771496483429654,0.18333333333333332,0.30612244897959184
M1_seasonality,test_2013,2190,0.12420091324200913,0.5590976354045267,0.14567687621411582,0.16,0.2647058823529412
M2_seasonality_history,validation_2011_2012,4386,0.12289101687186503,0.603174629967307,0.18678002378938893,0.18885096700796358,0.3079777365491651
M2_seasonality_history,test_2013,2190,0.12420091324200913,0.5731872584800344,0.16153053415755242,0.16400911161731208,0.2647058823529412
M3_seasonality_history_region,validation_2011_2012,4386,0.12289101687186503,0.5862074536551866,0.1761766023843045,0.17747440273037543,0.2894248608534323
M3_seasonality_history_region,test_2013,2190,0.12420091324200913,0.6066665260994909,0.17678119609025475,0.17995444191343962,0.29044117647058826
M4_full_region_shape_time,validation_2011_2012,4386,0.12289101687186503,0.5851893844949658,0.17606405833209723,0.17425968109339407,0.28385899814471244
M4_full_region_shape_time,test_2013,2190,0.12420091324200913,0.6056889452861436,0.1765670322589085,0.17579908675799086,0.28308823529411764
M5_random_forest,validation_2011_2012,4386,0.12289101687186503,0.5618326305875045,0.1631477675205656,0.16837315130830488,0.274582560296846
M5_random_forest,test_2013,2190,0.12420091324200913,0.5743967751334111,0.1652691666803492,0.17579908675799086,0.28308823529411764
